{"cameraMode":{"drawMode":0,"name":"Shaded","section":"Shading Mode"},"sceneLighting":false,"audioPlay":false,"sceneViewState":{"m_AlwaysRefresh":false,"showFog":true,"showSkybox":false,"showFlares":true,"showImageEffects":true,"showParticleSystems":true,"showVisualEffectGraphs":true,"m_FxEnabled":true},"in2DMode":false,"pivot":{"x":-1.7589998245239258,"y":1.6880000829696656,"z":338.7049865722656},"rotation":{"x":-0.14070752263069154,"y":0.09991130977869034,"z":-0.014247028157114983,"w":-0.9849219918251038},"size":8.342422485351563,"orthographic":false}