{"cameraMode":{"drawMode":0,"name":"Shaded","section":"Shading Mode"},"sceneLighting":false,"audioPlay":false,"sceneViewState":{"m_AlwaysRefresh":false,"showFog":true,"showSkybox":false,"showFlares":true,"showImageEffects":true,"showParticleSystems":true,"showVisualEffectGraphs":true,"m_FxEnabled":false},"in2DMode":false,"pivot":{"x":2.7568581104278566,"y":0.9344058036804199,"z":21.276851654052736},"rotation":{"x":0.23665238916873933,"y":-0.12348749488592148,"z":0.030409349128603936,"w":0.9633384346961975},"size":1.2064135074615479,"orthographic":false}